Metric,Company,Year,Value,Source Page
"Global Reporting Initiative+Hazardous Waste Recycled, GRI 306-2-a (formerly G4-EN23-a)",Inditex,2023,34.488,https://wikirate.org/~18085986
"Global Reporting Initiative+Hazardous Waste Recycled, GRI 306-2-a (formerly G4-EN23-a)",H&M,2023,Unknown,https://wikirate.org/~19244996
"Global Reporting Initiative+Hazardous Waste Recycled, GRI 306-2-a (formerly G4-EN23-a)",Nike Inc.,2023,Unknown,https://wikirate.org/~18082680
"Global Reporting Initiative+Hazardous Waste Recycled, GRI 306-2-a (formerly G4-EN23-a)",Adidas AG,2023,Unknown,https://wikirate.org/~18074968
"Global Reporting Initiative+Hazardous Waste Recycled, GRI 306-2-a (formerly G4-EN23-a)",Prada,2023,1,https://wikirate.org/~19859227
"Global Reporting Initiative+Hazardous Waste Recycled, GRI 306-2-a (formerly G4-EN23-a)",Asos,2023,Unknown,https://wikirate.org/~18087425
"Global Reporting Initiative+Hazardous Waste Created, GRI 306-2 (formerly G4-EN23-a)",Inditex,2023,51.648,https://wikirate.org/~18085986
"Global Reporting Initiative+Hazardous Waste Created, GRI 306-2 (formerly G4-EN23-a)",H&M,2023,Unknown,https://wikirate.org/~19244996
"Global Reporting Initiative+Hazardous Waste Created, GRI 306-2 (formerly G4-EN23-a)",Nike Inc.,2023,14509,https://wikirate.org/~18082680
"Global Reporting Initiative+Hazardous Waste Created, GRI 306-2 (formerly G4-EN23-a)",Adidas AG,2023,Unknown,https://wikirate.org/~18074968
"Global Reporting Initiative+Hazardous Waste Created, GRI 306-2 (formerly G4-EN23-a)",Prada,2023,33,https://wikirate.org/~19859227
"Global Reporting Initiative+Hazardous Waste Created, GRI 306-2 (formerly G4-EN23-a)",Asos,2023,Unknown,https://wikirate.org/~18087425
"Global Reporting Initiative+Total Waste Generated, GRI 306-2 (formerly G4-EN23-a)",Inditex,2023,21606,https://wikirate.org/~18085986
"Global Reporting Initiative+Total Waste Generated, GRI 306-2 (formerly G4-EN23-a)",H&M,2023,Unknown,https://wikirate.org/~19244996
"Global Reporting Initiative+Total Waste Generated, GRI 306-2 (formerly G4-EN23-a)",Nike Inc.,2023,236984,https://wikirate.org/~18082680
"Global Reporting Initiative+Total Waste Generated, GRI 306-2 (formerly G4-EN23-a)",Adidas AG,2023,26382,https://wikirate.org/~18074968
"Global Reporting Initiative+Total Waste Generated, GRI 306-2 (formerly G4-EN23-a)",Prada,2023,2275,https://wikirate.org/~19859227
"Global Reporting Initiative+Total Waste Generated, GRI 306-2 (formerly G4-EN23-a)",Asos,2023,Unknown,https://wikirate.org/~18087425
"Global Reporting Initiative+Non-Hazardous Waste, GRI 306-2 (formerly G4-EN23-a)",Inditex,2023,21554.360,https://wikirate.org/~18085986
"Global Reporting Initiative+Non-Hazardous Waste, GRI 306-2 (formerly G4-EN23-a)",Gap inc.,2023,Unknown,https://wikirate.org/~19222113
"Global Reporting Initiative+Non-Hazardous Waste, GRI 306-2 (formerly G4-EN23-a)",H&M,2023,Unknown,https://wikirate.org/~19244996
"Global Reporting Initiative+Non-Hazardous Waste, GRI 306-2 (formerly G4-EN23-a)",Nike Inc.,2023,Unknown,https://wikirate.org/~18082680
"Global Reporting Initiative+Non-Hazardous Waste, GRI 306-2 (formerly G4-EN23-a)",Adidas AG,2023,Unknown,https://wikirate.org/~18074958
"Global Reporting Initiative+Non-Hazardous Waste, GRI 306-2 (formerly G4-EN23-a)",Prada,2023,2242,https://wikirate.org/~19859227
"Global Reporting Initiative+Non-Hazardous Waste, GRI 306-2 (formerly G4-EN23-a)",Asos,2023,Unknown,https://wikirate.org/~18087425
"Global Reporting Initiative+Total Waste Recycled, GRI 306-2 (formerly G4-EN23-a)",Inditex,2023,Unknown,https://wikirate.org/~18085986
"Global Reporting Initiative+Total Waste Recycled, GRI 306-2 (formerly G4-EN23-a)",H&M,2023,Unknown,https://wikirate.org/~19244996
"Global Reporting Initiative+Total Waste Recycled, GRI 306-2 (formerly G4-EN23-a)",Nike Inc.,2023,69350,https://wikirate.org/~18082680
"Global Reporting Initiative+Total Waste Recycled, GRI 306-2 (formerly G4-EN23-a)",Adidas AG,2023,Unknown,https://wikirate.org/~18074968
"Global Reporting Initiative+Total Waste Recycled, GRI 306-2 (formerly G4-EN23-a)",Louis Vuitton Malletier SA (LVMH),2023,Unknown,https://wikirate.org/~15077435
"Global Reporting Initiative+Total Waste Recycled, GRI 306-2 (formerly G4-EN23-a)",Prada,2023,1444,https://wikirate.org/~19859227
"Global Reporting Initiative+Total Waste Recycled, GRI 306-2 (formerly G4-EN23-a)",Asos,2023,Unknown,https://wikirate.org/~18087425
"Global Reporting Initiative+Non-Hazardous Waste Recycled, GRI 306-2 (formerly G4-EN23-a)",Inditex,2023,19685.985,https://wikirate.org/~18085986
"Global Reporting Initiative+Non-Hazardous Waste Recycled, GRI 306-2 (formerly G4-EN23-a)",H&M,2023,Unknown,https://wikirate.org/~19244996
"Global Reporting Initiative+Non-Hazardous Waste Recycled, GRI 306-2 (formerly G4-EN23-a)",Nike Inc.,2023,Unknown,https://wikirate.org/~18082680
"Global Reporting Initiative+Non-Hazardous Waste Recycled, GRI 306-2 (formerly G4-EN23-a)",Adidas AG,2023,Unknown,https://wikirate.org/~18074968
"Global Reporting Initiative+Non-Hazardous Waste Recycled, GRI 306-2 (formerly G4-EN23-a)",Prada,2023,1443,https://wikirate.org/~19859227
"Global Reporting Initiative+Non-Hazardous Waste Recycled, GRI 306-2 (formerly G4-EN23-a)",Asos,2023,Unknown,https://wikirate.org/~18087425
"Global Reporting Initiative+Total Waste to Landfill, GRI 306-2 (formerly G4-EN23-a)",Inditex,2023,1236.723,https://wikirate.org/~18085986
"Global Reporting Initiative+Total Waste to Landfill, GRI 306-2 (formerly G4-EN23-a)",H&M,2023,Unknown,https://wikirate.org/~19244996
"Global Reporting Initiative+Total Waste to Landfill, GRI 306-2 (formerly G4-EN23-a)",Nike Inc.,2023,4650,https://wikirate.org/~18082680
"Global Reporting Initiative+Total Waste to Landfill, GRI 306-2 (formerly G4-EN23-a)",Adidas AG,2023,Unknown,https://wikirate.org/~18074958
"Global Reporting Initiative+Total Waste to Landfill, GRI 306-2 (formerly G4-EN23-a)",Prada,2023,220,https://wikirate.org/~19859227
"Global Reporting Initiative+Total Waste to Landfill, GRI 306-2 (formerly G4-EN23-a)",Asos,2023,Unknown,https://wikirate.org/~18087425
Fashion Revolution+Supply Chain Policies,Gap inc.,2023,"Wages & Financial Benefits (e.g. bonuses/insurance/social security/pensions), Energy & Carbon Emissions, Living Conditions/Dormitories, Annual Leave & Public Holidays, Water Usage & Footprint, Contracts & Terms of Employment, Foreign & Migrant Labour, Maternity Rights & Parental Leave, Anti-bribery Corruption & Presentation of False Information, Water Effluents & Treatment, Sub-contracting (2021 only), Discrimination, Working Hours & Rest Breaks, Harassment & Violence, Health & Safety, Child Labour, Waste & Recycling (Packaging/Office/Facility), Forced & Bonded Labour, Freedom of Association Right to Organise & Collective Bargaining, Equal Pay",https://wikirate.org/~15088145
Fashion Revolution+Supply Chain Policies,H&M,2023,"Wages & Financial Benefits (e.g. bonuses/insurance/social security/pensions), Energy & Carbon Emissions, Homeworking (2021 only), Living Conditions/Dormitories, Water Usage & Footprint, Contracts & Terms of Employment, Foreign & Migrant Labour, Biodiversity & Conservation, Overtime Pay, Waste & Recycling (Product/Textiles), Anti-bribery Corruption & Presentation of False Information, Water Effluents & Treatment, Manufacturing Restricted Substances List (MRSL) (2021 only), Sub-contracting (2021 only), Discrimination, Working Hours & Rest Breaks, Harassment & Violence, Health & Safety, Child Labour, Waste & Recycling (Packaging/Office/Facility), Forced & Bonded Labour, Freedom of Association Right to Organise & Collective Bargaining, Equal Pay",https://wikirate.org/~15075972
Fashion Revolution+Supply Chain Policies,Nike Inc.,2023,"Wages & Financial Benefits (e.g. bonuses/insurance/social security/pensions), Energy & Carbon Emissions, Homeworking (2021 only), Living Conditions/Dormitories, Annual Leave & Public Holidays, Water Usage & Footprint, Contracts & Terms of Employment, Foreign & Migrant Labour, Community Engagement, Maternity Rights & Parental Leave, Waste & Recycling (Product/Textiles), Anti-bribery Corruption & Presentation of False Information, Water Effluents & Treatment, Manufacturing Restricted Substances List (MRSL) (2021 only), Sub-contracting (2021 only), Discrimination, Working Hours & Rest Breaks, Harassment & Violence, Health & Safety, Child Labour, Waste & Recycling (Packaging/Office/Facility), Forced & Bonded Labour, Freedom of Association Right to Organise & Collective Bargaining, Equal Pay",https://wikirate.org/~15076789
Fashion Revolution+Supply Chain Policies,Adidas AG,2023,"Wages & Financial Benefits (e.g. bonuses/insurance/social security/pensions), Energy & Carbon Emissions, Living Conditions/Dormitories, Annual Leave & Public Holidays, Water Usage & Footprint, Contracts & Terms of Employment, Foreign & Migrant Labour, Biodiversity & Conservation, Maternity Rights & Parental Leave, Overtime Pay, Waste & Recycling (Product/Textiles), Anti-bribery Corruption & Presentation of False Information, Water Effluents & Treatment, Manufacturing Restricted Substances List (MRSL) (2021 only), Sub-contracting (2021 only), Discrimination, Working Hours & Rest Breaks, Harassment & Violence, Health & Safety, Child Labour, Waste & Recycling (Packaging/Office/Facility), Forced & Bonded Labour, Freedom of Association Right to Organise & Collective Bargaining, Equal Pay",https://wikirate.org/~15079390
Fashion Revolution+Supply Chain Policies,Louis Vuitton Malletier SA (LVMH),2023,"Wages & Financial Benefits (e.g. bonuses/insurance/social security/pensions), Energy & Carbon Emissions, Living Conditions/Dormitories, Water Usage & Footprint, Biodiversity & Conservation, Community Engagement, Overtime Pay, Anti-bribery Corruption & Presentation of False Information, Water Effluents & Treatment, Manufacturing Restricted Substances List (MRSL) (2021 only), Sub-contracting (2021 only), Discrimination, Working Hours & Rest Breaks, Harassment & Violence, Health & Safety, Child Labour, Waste & Recycling (Packaging/Office/Facility), Forced & Bonded Labour, Freedom of Association Right to Organise & Collective Bargaining, Equal Pay",https://wikirate.org/~15083876
Fashion Revolution+Supply Chain Policies,Prada,2023,"Discrimination, Child Labour, Freedom of Association Right to Organise & Collective Bargaining, Anti-bribery Corruption & Presentation of False Information, Wages & Financial Benefits (e.g. bonuses/insurance/social security/pensions), Health & Safety, Harassment & Violence, Sub-contracting (2021 only), Working Hours & Rest Breaks, Energy & Carbon Emissions, Biodiversity & Conservation",https://wikirate.org/~15084874
Fashion Revolution+Supply Chain Policies,Asos,2023,"Water Effluents & Treatment, Waste & Recycling (Product/Textiles), Working Hours & Rest Breaks, Sub-contracting (2021 only), Energy & Carbon Emissions, Biodiversity & Conservation, Discrimination, Child Labour, Foreign & Migrant Labour, Maternity Rights & Parental Leave, Freedom of Association Right to Organise & Collective Bargaining, Homeworking (2021 only), Overtime Pay, Living Conditions/Dormitories, Harassment & Violence, Forced & Bonded Labour, Water Usage & Footprint, Manufacturing Restricted Substances List (MRSL) (2021 only), Waste & Recycling (Packaging/Office/Facility), Anti-bribery Corruption & Presentation of False Information, Community Engagement, Wages & Financial Benefits (e.g. bonuses/insurance/social security/pensions), Health & Safety, Equal Pay, Annual Leave & Public Holidays, Contracts & Terms of Employment",https://wikirate.org/~15072320
Fashion Revolution+1.3 Management Procedures,Gap inc.,2023,"Animal Welfare, Wages & Financial Benefits (e.g. bonuses/insurance/social security/pensions), Energy & Carbon Emissions, Living Conditions/Dormitories, Waste & Recycling (Packaging/Office/Facility/Retail), Annual Leave & Public Holidays, Water Usage & Footprint, Mental Health & Wellbeing (2021 only), Contracts & Terms of Employment, Foreign & Migrant Labour, Biodiversity & Conservation, Community Engagement, Maternity Rights & Parental Leave, Overtime Pay, Restricted Substance List, Waste & Recycling (Product/Textiles), Anti-bribery Corruption & Presentation of False Information, Water Effluents & Treatment, Manufacturing Restricted Substances List (MRSL) (2021 only), Sub-contracting (2021 only), Discrimination, Working Hours & Rest Breaks, Diversity & Inclusion, Harassment & Violence, Health & Safety, Child Labour, Forced & Bonded Labour, Equal Pay",https://wikirate.org/~15088135
Fashion Revolution+1.3 Management Procedures,H&M,2023,"Animal Welfare, Wages & Financial Benefits (e.g. bonuses/insurance/social security/pensions), Energy & Carbon Emissions, Homeworking (2021 only), Waste & Recycling (Packaging/Office/Facility/Retail), Water Usage & Footprint, Mental Health & Wellbeing (2021 only), Foreign & Migrant Labour, Biodiversity & Conservation, Community Engagement, Overtime Pay, Restricted Substance List, Waste & Recycling (Product/Textiles), Anti-bribery Corruption & Presentation of False Information, Water Effluents & Treatment, Manufacturing Restricted Substances List (MRSL) (2021 only), Working Hours & Rest Breaks, Discrimination, Diversity & Inclusion, Harassment & Violence, Health & Safety, Child Labour, Forced & Bonded Labour, Freedom of Association Right to Organise & Collective Bargaining, Equal Pay",https://wikirate.org/~15080863
Fashion Revolution+1.3 Management Procedures,Nike Inc.,2023,"Animal Welfare, Wages & Financial Benefits (e.g. bonuses/insurance/social security/pensions), Energy & Carbon Emissions, Living Conditions/Dormitories, Waste & Recycling (Packaging/Office/Facility/Retail), Annual Leave & Public Holidays, Water Usage & Footprint, Mental Health & Wellbeing (2021 only), Contracts & Terms of Employment, Foreign & Migrant Labour, Biodiversity & Conservation, Community Engagement, Maternity Rights & Parental Leave, Overtime Pay, Restricted Substance List, Waste & Recycling (Product/Textiles), Anti-bribery Corruption & Presentation of False Information, Water Effluents & Treatment, Manufacturing Restricted Substances List (MRSL) (2021 only), Working Hours & Rest Breaks, Discrimination, Diversity & Inclusion, Harassment & Violence, Health & Safety, Child Labour, Forced & Bonded Labour, Equal Pay",https://wikirate.org/~15071976
Fashion Revolution+1.3 Management Procedures,Adidas AG,2023,"Animal Welfare, Wages & Financial Benefits (e.g. bonuses/insurance/social security/pensions), Energy & Carbon Emissions, Living Conditions/Dormitories, Waste & Recycling (Packaging/Office/Facility/Retail), Annual Leave & Public Holidays, Water Usage & Footprint, Mental Health & Wellbeing (2021 only), Contracts & Terms of Employment, Foreign & Migrant Labour, Biodiversity & Conservation, Community Engagement, Maternity Rights & Parental Leave, Overtime Pay, Restricted Substance List, Anti-bribery Corruption & Presentation of False Information, Water Effluents & Treatment, Manufacturing Restricted Substances List (MRSL) (2021 only), Sub-contracting (2021 only), Discrimination, Working Hours & Rest Breaks, Diversity & Inclusion, Harassment & Violence, Health & Safety, Child Labour, Forced & Bonded Labour, Freedom of Association Right to Organise & Collective Bargaining, Equal Pay",https://wikirate.org/~15079410
Fashion Revolution+1.3 Management Procedures,Louis Vuitton Malletier SA (LVMH),2023,"Animal Welfare, Wages & Financial Benefits (e.g. bonuses/insurance/social security/pensions), Energy & Carbon Emissions, Waste & Recycling (Packaging/Office/Facility/Retail), Mental Health & Wellbeing (2021 only), Biodiversity & Conservation, Community Engagement, Maternity Rights & Parental Leave, Overtime Pay, Restricted Substance List, Waste & Recycling (Product/Textiles), Anti-bribery Corruption & Presentation of False Information, Water Effluents & Treatment, Manufacturing Restricted Substances List (MRSL) (2021 only), Sub-contracting (2021 only), Discrimination, Working Hours & Rest Breaks, Diversity & Inclusion, Harassment & Violence, Health & Safety, Equal Pay",https://wikirate.org/~15068936
Fashion Revolution+1.3 Management Procedures,Prada,2023,"Waste & Recycling (Packaging/Office/Facility/Retail), Freedom of Association Right to Organise & Collective Bargaining, Waste & Recycling (Product/Textiles), Community Engagement, Health & Safety, Working Hours & Rest Breaks, Forced & Bonded Labour, Restricted Substance List, Sub-contracting (2021 only), Diversity & Inclusion, Energy & Carbon Emissions, Biodiversity & Conservation",https://wikirate.org/~15084874
Fashion Revolution+1.3 Management Procedures,Asos,2023,"Water Effluents & Treatment, Waste & Recycling (Product/Textiles), Working Hours & Rest Breaks, Animal Welfare, Sub-contracting (2021 only), Energy & Carbon Emissions, Biodiversity & Conservation, Discrimination, Child Labour, Foreign & Migrant Labour, Maternity Rights & Parental Leave, Mental Health & Wellbeing (2021 only), Freedom of Association Right to Organise & Collective Bargaining, Homeworking (2021 only), Living Conditions/Dormitories, Harassment & Violence, Forced & Bonded Labour, Water Usage & Footprint, Manufacturing Restricted Substances List (MRSL) (2021 only), Waste & Recycling (Packaging/Office/Facility/Retail), Anti-bribery Corruption & Presentation of False Information, Community Engagement, Wages & Financial Benefits (e.g. bonuses/insurance/social security/pensions), Health & Safety, Restricted Substance List, Equal Pay, Diversity & Inclusion",https://wikirate.org/~15072465
Fashion Revolution+1.1 Own Operations Policies,Gap inc.,2023,"Animal Welfare, Wages & Financial Benefits (e.g. bonuses/insurance/social security/pensions), Energy & Carbon Emissions, Annual Leave & Public Holidays, Water Usage & Footprint, Mental Health & Wellbeing (2021 only), Biodiversity & Conservation, Community Engagement, Maternity Rights & Parental Leave, Waste & Recycling (Packaging/Office/Retail), Restricted Substance List, Waste & Recycling (Product/Textiles), Anti-bribery Corruption & Presentation of False Information, Working Hours & Rest Breaks, Discrimination, Diversity & Inclusion, Harassment & Violence, Health & Safety, Equal Pay",https://wikirate.org/~15082504
Fashion Revolution+1.1 Own Operations Policies,H&M,2023,"Animal Welfare, Wages & Financial Benefits (e.g. bonuses/insurance/social security/pensions), Energy & Carbon Emissions, Annual Leave & Public Holidays, Water Usage & Footprint, Mental Health & Wellbeing (2021 only), Biodiversity & Conservation, Community Engagement, Maternity Rights & Parental Leave, Waste & Recycling (Packaging/Office/Retail), Restricted Substance List, Waste & Recycling (Product/Textiles), Anti-bribery Corruption & Presentation of False Information, Working Hours & Rest Breaks, Discrimination, Diversity & Inclusion, Harassment & Violence, Health & Safety, Freedom of Association Right to Organise & Collective Bargaining, Equal Pay",https://wikirate.org/~15075952
Fashion Revolution+1.1 Own Operations Policies,Nike Inc.,2023,"Animal Welfare, Biodiversity & Conservation, Discrimination, Wages & Financial Benefits (e.g. bonuses/insurance/social security/pensions), Waste & Recycling (Packaging/Office/Retail), Energy & Carbon Emissions, Diversity & Inclusion, Water Usage & Footprint, Community Engagement, Harassment & Violence, Health & Safety, Restricted Substance List, Waste & Recycling (Product/Textiles), Anti-bribery Corruption & Presentation of False Information, Equal Pay",https://wikirate.org/~15076412
Fashion Revolution+1.1 Own Operations Policies,Adidas AG,2023,"Animal Welfare, Wages & Financial Benefits (e.g. bonuses/insurance/social security/pensions), Energy & Carbon Emissions, Water Usage & Footprint, Mental Health & Wellbeing (2021 only), Biodiversity & Conservation, Community Engagement, Maternity Rights & Parental Leave, Waste & Recycling (Packaging/Office/Retail), Restricted Substance List, Anti-bribery Corruption & Presentation of False Information, Working Hours & Rest Breaks, Discrimination, Diversity & Inclusion, Harassment & Violence, Health & Safety, Freedom of Association Right to Organise & Collective Bargaining, Equal Pay",https://wikirate.org/~15077471
Fashion Revolution+1.1 Own Operations Policies,Louis Vuitton Malletier SA (LVMH),2023,"Animal Welfare, Wages & Financial Benefits (e.g. bonuses/insurance/social security/pensions), Energy & Carbon Emissions, Water Usage & Footprint, Mental Health & Wellbeing (2021 only), Biodiversity & Conservation, Community Engagement, Waste & Recycling (Packaging/Office/Retail), Restricted Substance List, Waste & Recycling (Product/Textiles), Anti-bribery Corruption & Presentation of False Information, Working Hours & Rest Breaks, Discrimination, Diversity & Inclusion, Harassment & Violence, Health & Safety, Freedom of Association Right to Organise & Collective Bargaining, Equal Pay",https://wikirate.org/~15083820
Fashion Revolution+1.1 Own Operations Policies,Prada,2023,"Discrimination, Freedom of Association Right to Organise & Collective Bargaining, Anti-bribery Corruption & Presentation of False Information, Community Engagement, Wages & Financial Benefits (e.g. bonuses/insurance/social security/pensions), Health & Safety, Harassment & Violence, Working Hours & Rest Breaks, Diversity & Inclusion, Energy & Carbon Emissions, Biodiversity & Conservation",https://wikirate.org/~15084864
Fashion Revolution+1.1 Own Operations Policies,Asos,2023,"Waste & Recycling (Product/Textiles), Animal Welfare, Energy & Carbon Emissions, Biodiversity & Conservation, Discrimination, Maternity Rights & Parental Leave, Mental Health & Wellbeing (2021 only), Waste & Recycling (Packaging/Office/Retail), Freedom of Association Right to Organise & Collective Bargaining, Harassment & Violence, Anti-bribery Corruption & Presentation of False Information, Community Engagement, Wages & Financial Benefits (e.g. bonuses/insurance/social security/pensions), Health & Safety, Restricted Substance List, Equal Pay, Annual Leave & Public Holidays, Diversity & Inclusion",https://wikirate.org/~15072465
Wikirate SDG Metric design+Percentage of waste recycled,Inditex,2023,Unknown,
Wikirate SDG Metric design+Percentage of waste recycled,H&M,2023,Unknown,
Wikirate SDG Metric design+Percentage of waste recycled,Nike Inc.,2023,29.263578975795800,
Wikirate SDG Metric design+Percentage of waste recycled,Adidas AG,2023,Unknown,
Wikirate SDG Metric design+Percentage of waste recycled,Prada,2023,63.472527472527500,
Wikirate SDG Metric design+Percentage of waste recycled,Asos,2023,Unknown,
Wikirate SDG Metric design+Percentage hazardous waste recycled,Inditex,2023,66.77509293680300,
Wikirate SDG Metric design+Percentage hazardous waste recycled,H&M,2023,Unknown,
Wikirate SDG Metric design+Percentage hazardous waste recycled,Nike Inc.,2023,Unknown,
Wikirate SDG Metric design+Percentage hazardous waste recycled,Adidas AG,2023,Unknown,
Wikirate SDG Metric design+Percentage hazardous waste recycled,Prada,2023,3.0303030303030300,
Wikirate SDG Metric design+Percentage hazardous waste recycled,Asos,2023,Unknown,
Wikirate SDG Metric design+Percentage non-hazardous waste recycled,Inditex,2023,91.33180015551380,
Wikirate SDG Metric design+Percentage non-hazardous waste recycled,H&M,2023,Unknown,
Wikirate SDG Metric design+Percentage non-hazardous waste recycled,Nike Inc.,2023,Unknown,
Wikirate SDG Metric design+Percentage non-hazardous waste recycled,Adidas AG,2023,Unknown,
Wikirate SDG Metric design+Percentage non-hazardous waste recycled,Prada,2023,64.3621766280107,
Wikirate SDG Metric design+Percentage non-hazardous waste recycled,Asos,2023,Unknown,
Fashion Revolution+Discloses Quantity of Products Destroyed,Gap inc.,2023,No,https://wikirate.org/~15082474
Fashion Revolution+Discloses Quantity of Products Destroyed,H&M,2023,Yes,https://wikirate.org/~15075922
Fashion Revolution+Discloses Quantity of Products Destroyed,Nike Inc.,2023,No,https://wikirate.org/~15077345
Fashion Revolution+Discloses Quantity of Products Destroyed,Adidas AG,2023,No,https://wikirate.org/~15079365
Fashion Revolution+Discloses Quantity of Products Destroyed,Louis Vuitton Malletier SA (LVMH),2023,No,https://wikirate.org/~15068127
Fashion Revolution+Discloses Quantity of Products Destroyed,Prada,2023,No,https://wikirate.org/~15070986
Fashion Revolution+Discloses Quantity of Products Destroyed,Asos,2023,No,https://wikirate.org/~15079961
Fashion Revolution+Discloses Quantity of Pre-Production Waste Generated,Gap inc.,2023,No,https://wikirate.org/~15082474
Fashion Revolution+Discloses Quantity of Pre-Production Waste Generated,H&M,2023,No,https://wikirate.org/~15075832
Fashion Revolution+Discloses Quantity of Pre-Production Waste Generated,Nike Inc.,2023,No,https://wikirate.org/~15077345
Fashion Revolution+Discloses Quantity of Pre-Production Waste Generated,Adidas AG,2023,No,https://wikirate.org/~15079365
Fashion Revolution+Discloses Quantity of Pre-Production Waste Generated,Louis Vuitton Malletier SA (LVMH),2023,No,https://wikirate.org/~15068127
Fashion Revolution+Discloses Quantity of Pre-Production Waste Generated,Prada,2023,No,https://wikirate.org/~15070986
Fashion Revolution+Discloses Quantity of Pre-Production Waste Generated,Asos,2023,No,https://wikirate.org/~15079961
Fashion Revolution+Discloses Quantity of Post-production Waste Generated,Gap inc.,2023,No,https://wikirate.org/~15082474
Fashion Revolution+Discloses Quantity of Post-production Waste Generated,H&M,2023,No,https://wikirate.org/~15076047
Fashion Revolution+Discloses Quantity of Post-production Waste Generated,Nike Inc.,2023,No,https://wikirate.org/~15077345
Fashion Revolution+Discloses Quantity of Post-production Waste Generated,Adidas AG,2023,No,https://wikirate.org/~15079365
Fashion Revolution+Discloses Quantity of Post-production Waste Generated,Louis Vuitton Malletier SA (LVMH),2023,No,https://wikirate.org/~15077430
Fashion Revolution+Discloses Quantity of Post-production Waste Generated,Prada,2023,No,https://wikirate.org/~15070986
Fashion Revolution+Discloses Quantity of Post-production Waste Generated,Asos,2023,No,https://wikirate.org/~15079961
Fashion Revolution+Discloses Breakdown of Reuse/Recyling of Pre-consumer Waste,Gap inc.,2023,No,https://wikirate.org/~15082474
Fashion Revolution+Discloses Breakdown of Reuse/Recyling of Pre-consumer Waste,H&M,2023,No,https://wikirate.org/~15076047
Fashion Revolution+Discloses Breakdown of Reuse/Recyling of Pre-consumer Waste,Nike Inc.,2023,No,https://wikirate.org/~15077345
Fashion Revolution+Discloses Breakdown of Reuse/Recyling of Pre-consumer Waste,Adidas AG,2023,No,https://wikirate.org/~15079365
Fashion Revolution+Discloses Breakdown of Reuse/Recyling of Pre-consumer Waste,Louis Vuitton Malletier SA (LVMH),2023,Yes,https://wikirate.org/~15077430
Fashion Revolution+Discloses Breakdown of Reuse/Recyling of Pre-consumer Waste,Prada,2023,No,https://wikirate.org/~15070986
Fashion Revolution+Discloses Breakdown of Reuse/Recyling of Pre-consumer Waste,Asos,2023,No,https://wikirate.org/~15079961
Fashion Revolution+Discloses Take-back Scheme Outcomes,Gap inc.,2023,No,https://wikirate.org/~15082474
Fashion Revolution+Discloses Take-back Scheme Outcomes,H&M,2023,Yes,https://wikirate.org/~15075922
Fashion Revolution+Discloses Take-back Scheme Outcomes,Nike Inc.,2023,Yes,https://wikirate.org/~15077345
Fashion Revolution+Discloses Take-back Scheme Outcomes,Adidas AG,2023,Yes,https://wikirate.org/~15079320
Fashion Revolution+Discloses Take-back Scheme Outcomes,Louis Vuitton Malletier SA (LVMH),2023,No,https://wikirate.org/~15068127
Fashion Revolution+Discloses Take-back Scheme Outcomes,Prada,2023,No,https://wikirate.org/~15070986
Fashion Revolution+Discloses Take-back Scheme Outcomes,Asos,2023,No,https://wikirate.org/~15079961
Fashion Revolution+Offers Clothing Longevity Business Models,Gap inc.,2023,No,https://wikirate.org/~15072665
Fashion Revolution+Offers Clothing Longevity Business Models,H&M,2023,Yes,https://wikirate.org/~15075922
Fashion Revolution+Offers Clothing Longevity Business Models,Nike Inc.,2023,Yes,https://wikirate.org/~15077345
Fashion Revolution+Offers Clothing Longevity Business Models,Adidas AG,2023,Yes,https://wikirate.org/~15077471
Fashion Revolution+Offers Clothing Longevity Business Models,Louis Vuitton Malletier SA (LVMH),2023,No,https://wikirate.org/~15068127
Fashion Revolution+Offers Clothing Longevity Business Models,Prada,2023,No,https://wikirate.org/~15070986
Fashion Revolution+Offers Clothing Longevity Business Models,Asos,2023,Yes,https://wikirate.org/~15072450
"Fashion Revolution+5.4 Overconsumption, Waste & Circularity",Gap inc.,2023,1.818181818181820,
"Fashion Revolution+5.4 Overconsumption, Waste & Circularity",H&M,2023,5.454545454545450,
"Fashion Revolution+5.4 Overconsumption, Waste & Circularity",Nike Inc.,2023,4.545454545454540,
"Fashion Revolution+5.4 Overconsumption, Waste & Circularity",Adidas AG,2023,5.454545454545450,
"Fashion Revolution+5.4 Overconsumption, Waste & Circularity",Louis Vuitton Malletier SA (LVMH),2023,2.727272727272730,
"Fashion Revolution+5.4 Overconsumption, Waste & Circularity",Prada,2023,1.818181818181820,
"Fashion Revolution+5.4 Overconsumption, Waste & Circularity",Asos,2023,1.818181818181820,
"Global Reporting Initiative+Hazardous Waste Recycled, GRI 306-2-a (formerly G4-EN23-a)",Inditex,2022,24.531,https://wikirate.org/~15087738
"Global Reporting Initiative+Hazardous Waste Recycled, GRI 306-2-a (formerly G4-EN23-a)",Gap inc.,2022,Unknown,https://wikirate.org/~13862520
"Global Reporting Initiative+Hazardous Waste Recycled, GRI 306-2-a (formerly G4-EN23-a)",H&M,2022,Unknown,https://wikirate.org/~15076047
"Global Reporting Initiative+Hazardous Waste Recycled, GRI 306-2-a (formerly G4-EN23-a)",Louis Vuitton Malletier SA (LVMH),2022,Unknown,https://wikirate.org/~15560780
"Global Reporting Initiative+Hazardous Waste Recycled, GRI 306-2-a (formerly G4-EN23-a)",Prada,2022,Unknown,https://wikirate.org/~15578121
"Global Reporting Initiative+Hazardous Waste Recycled, GRI 306-2-a (formerly G4-EN23-a)",Asos,2022,Unknown,https://wikirate.org/~15580211
"Global Reporting Initiative+Hazardous Waste Created, GRI 306-2 (formerly G4-EN23-a)",Inditex,2022,35.623,https://wikirate.org/~15087738
"Global Reporting Initiative+Hazardous Waste Created, GRI 306-2 (formerly G4-EN23-a)",Gap inc.,2022,Unknown,https://wikirate.org/~13651292
"Global Reporting Initiative+Hazardous Waste Created, GRI 306-2 (formerly G4-EN23-a)",H&M,2022,Unknown,https://wikirate.org/~15563251
"Global Reporting Initiative+Hazardous Waste Created, GRI 306-2 (formerly G4-EN23-a)",Louis Vuitton Malletier SA (LVMH),2022,6890,https://wikirate.org/~15560780
"Global Reporting Initiative+Hazardous Waste Created, GRI 306-2 (formerly G4-EN23-a)",Prada,2022,42,https://wikirate.org/~15578121
"Global Reporting Initiative+Hazardous Waste Created, GRI 306-2 (formerly G4-EN23-a)",Asos,2022,Unknown,https://wikirate.org/~15580211
"Global Reporting Initiative+Total Waste Generated, GRI 306-2 (formerly G4-EN23-a)",Inditex,2022,20632.28,https://wikirate.org/~15087738
"Global Reporting Initiative+Total Waste Generated, GRI 306-2 (formerly G4-EN23-a)",Gap inc.,2022,Unknown,https://wikirate.org/~13651292
"Global Reporting Initiative+Total Waste Generated, GRI 306-2 (formerly G4-EN23-a)",H&M,2022,Unknown,https://wikirate.org/~15076047
"Global Reporting Initiative+Total Waste Generated, GRI 306-2 (formerly G4-EN23-a)",Louis Vuitton Malletier SA (LVMH),2022,118330,https://wikirate.org/~15560780
"Global Reporting Initiative+Total Waste Generated, GRI 306-2 (formerly G4-EN23-a)",Prada,2022,2037,https://wikirate.org/~15578121
"Global Reporting Initiative+Total Waste Generated, GRI 306-2 (formerly G4-EN23-a)",Asos,2022,Unknown,https://wikirate.org/~14549759
"Global Reporting Initiative+Non-Hazardous Waste, GRI 306-2 (formerly G4-EN23-a)",Inditex,2022,20597.7,https://wikirate.org/~15087738
"Global Reporting Initiative+Non-Hazardous Waste, GRI 306-2 (formerly G4-EN23-a)",Gap inc.,2022,Unknown,https://wikirate.org/~13195284
"Global Reporting Initiative+Non-Hazardous Waste, GRI 306-2 (formerly G4-EN23-a)",H&M,2022,Unknown,https://wikirate.org/~15563251
"Global Reporting Initiative+Non-Hazardous Waste, GRI 306-2 (formerly G4-EN23-a)",Louis Vuitton Malletier SA (LVMH),2022,111440,https://wikirate.org/~15560780
"Global Reporting Initiative+Non-Hazardous Waste, GRI 306-2 (formerly G4-EN23-a)",Prada,2022,1994,https://wikirate.org/~15578121
"Global Reporting Initiative+Non-Hazardous Waste, GRI 306-2 (formerly G4-EN23-a)",Asos,2022,Unknown,https://wikirate.org/~15580211
"Global Reporting Initiative+Total Waste Recycled, GRI 306-2 (formerly G4-EN23-a)",Inditex,2022,18632.334,https://wikirate.org/~15087738
"Global Reporting Initiative+Total Waste Recycled, GRI 306-2 (formerly G4-EN23-a)",Gap inc.,2022,Unknown,https://wikirate.org/~13195284
"Global Reporting Initiative+Total Waste Recycled, GRI 306-2 (formerly G4-EN23-a)",H&M,2022,Unknown,https://wikirate.org/~15076047
"Global Reporting Initiative+Total Waste Recycled, GRI 306-2 (formerly G4-EN23-a)",Louis Vuitton Malletier SA (LVMH),2022,Unknown,https://wikirate.org/~15560780
"Global Reporting Initiative+Total Waste Recycled, GRI 306-2 (formerly G4-EN23-a)",Prada,2022,Unknown,https://wikirate.org/~15578121
"Global Reporting Initiative+Total Waste Recycled, GRI 306-2 (formerly G4-EN23-a)",Asos,2022,Unknown,https://wikirate.org/~14549759
"Global Reporting Initiative+Non-Hazardous Waste Recycled, GRI 306-2 (formerly G4-EN23-a)",Inditex,2022,18607.803,https://wikirate.org/~15087738
"Global Reporting Initiative+Non-Hazardous Waste Recycled, GRI 306-2 (formerly G4-EN23-a)",Gap inc.,2022,Unknown,https://wikirate.org/~13862520
"Global Reporting Initiative+Non-Hazardous Waste Recycled, GRI 306-2 (formerly G4-EN23-a)",H&M,2022,Unknown,https://wikirate.org/~15563251
"Global Reporting Initiative+Non-Hazardous Waste Recycled, GRI 306-2 (formerly G4-EN23-a)",Louis Vuitton Malletier SA (LVMH),2022,Unknown,https://wikirate.org/~15560780
"Global Reporting Initiative+Non-Hazardous Waste Recycled, GRI 306-2 (formerly G4-EN23-a)",Prada,2022,Unknown,https://wikirate.org/~15578121
"Global Reporting Initiative+Non-Hazardous Waste Recycled, GRI 306-2 (formerly G4-EN23-a)",Asos,2022,Unknown,https://wikirate.org/~15580211
"Global Reporting Initiative+Total Waste to Landfill, GRI 306-2 (formerly G4-EN23-a)",Inditex,2022,1608.129,https://wikirate.org/~15087738
"Global Reporting Initiative+Total Waste to Landfill, GRI 306-2 (formerly G4-EN23-a)",Gap inc.,2022,Unknown,https://wikirate.org/~13862520
"Global Reporting Initiative+Total Waste to Landfill, GRI 306-2 (formerly G4-EN23-a)",H&M,2022,Unknown,https://wikirate.org/~15076047
"Global Reporting Initiative+Total Waste to Landfill, GRI 306-2 (formerly G4-EN23-a)",Louis Vuitton Malletier SA (LVMH),2022,Unknown,https://wikirate.org/~15560780
"Global Reporting Initiative+Total Waste to Landfill, GRI 306-2 (formerly G4-EN23-a)",Prada,2022,Unknown,https://wikirate.org/~15578121
"Global Reporting Initiative+Total Waste to Landfill, GRI 306-2 (formerly G4-EN23-a)",Asos,2022,Unknown,https://wikirate.org/~15580211
Fashion Revolution+Supply Chain Policies,Gap inc.,2022,"Equal Pay, Contracts & Terms of Employment, Manufacturing Restricted Substances List (MRSL) (2021 only), Discrimination, Living Conditions/Dormitories, Sub-contracting (2021 only), Water Usage & Footprint, Annual Leave & Public Holidays, Working Hours & Rest Breaks, Child Labour, Waste & Recycling (Packaging/Office/Facility), Water Effluents & Treatment, Health & Safety, Maternity Rights & Parental Leave, Anti-bribery Corruption & Presentation of False Information, Energy & Carbon Emissions, Forced & Bonded Labour, Foreign & Migrant Labour, Freedom of Association Right to Organise & Collective Bargaining, Harassment & Violence, Wages & Financial Benefits (e.g. bonuses/insurance/social security/pensions)",https://wikirate.org/~13027456
Fashion Revolution+Supply Chain Policies,H&M,2022,"Equal Pay, Contracts & Terms of Employment, Manufacturing Restricted Substances List (MRSL) (2021 only), Discrimination, Biodiversity & Conservation, Waste & Recycling (Product/Textiles), Living Conditions/Dormitories, Sub-contracting (2021 only), Water Usage & Footprint, Homeworking (2021 only), Working Hours & Rest Breaks, Child Labour, Community Engagement, Waste & Recycling (Packaging/Office/Facility), Water Effluents & Treatment, Health & Safety, Anti-bribery Corruption & Presentation of False Information, Energy & Carbon Emissions, Overtime Pay, Forced & Bonded Labour, Foreign & Migrant Labour, Freedom of Association Right to Organise & Collective Bargaining, Harassment & Violence, Wages & Financial Benefits (e.g. bonuses/insurance/social security/pensions)",https://wikirate.org/~13019369
Fashion Revolution+Supply Chain Policies,Nike Inc.,2022,"Equal Pay, Contracts & Terms of Employment, Manufacturing Restricted Substances List (MRSL) (2021 only), Discrimination, Biodiversity & Conservation, Waste & Recycling (Product/Textiles), Living Conditions/Dormitories, Sub-contracting (2021 only), Water Usage & Footprint, Annual Leave & Public Holidays, Working Hours & Rest Breaks, Child Labour, Community Engagement, Waste & Recycling (Packaging/Office/Facility), Water Effluents & Treatment, Health & Safety, Maternity Rights & Parental Leave, Anti-bribery Corruption & Presentation of False Information, Energy & Carbon Emissions, Overtime Pay, Forced & Bonded Labour, Foreign & Migrant Labour, Freedom of Association Right to Organise & Collective Bargaining, Harassment & Violence, Wages & Financial Benefits (e.g. bonuses/insurance/social security/pensions)",https://wikirate.org/~13020929
Fashion Revolution+Supply Chain Policies,Adidas AG,2022,"Equal Pay, Contracts & Terms of Employment, Manufacturing Restricted Substances List (MRSL) (2021 only), Discrimination, Waste & Recycling (Product/Textiles), Living Conditions/Dormitories, Sub-contracting (2021 only), Water Usage & Footprint, Annual Leave & Public Holidays, Working Hours & Rest Breaks, Child Labour, Waste & Recycling (Packaging/Office/Facility), Water Effluents & Treatment, Health & Safety, Maternity Rights & Parental Leave, Energy & Carbon Emissions, Overtime Pay, Forced & Bonded Labour, Foreign & Migrant Labour, Freedom of Association Right to Organise & Collective Bargaining, Harassment & Violence, Wages & Financial Benefits (e.g. bonuses/insurance/social security/pensions)",https://wikirate.org/~13036284
Fashion Revolution+Supply Chain Policies,Louis Vuitton Malletier SA (LVMH),2022,"Equal Pay, Manufacturing Restricted Substances List (MRSL) (2021 only), Discrimination, Biodiversity & Conservation, Living Conditions/Dormitories, Water Usage & Footprint, Sub-contracting (2021 only), Working Hours & Rest Breaks, Child Labour, Waste & Recycling (Packaging/Office/Facility), Water Effluents & Treatment, Health & Safety, Anti-bribery Corruption & Presentation of False Information, Energy & Carbon Emissions, Overtime Pay, Forced & Bonded Labour, Freedom of Association Right to Organise & Collective Bargaining, Harassment & Violence, Wages & Financial Benefits (e.g. bonuses/insurance/social security/pensions)",https://wikirate.org/~13030010
Fashion Revolution+Supply Chain Policies,Prada,2022,"Working Hours & Rest Breaks, Discrimination, Sub-contracting (2021 only), Health & Safety, Child Labour, Community Engagement, Anti-bribery Corruption & Presentation of False Information, Freedom of Association Right to Organise & Collective Bargaining, Harassment & Violence, Wages & Financial Benefits (e.g. bonuses/insurance/social security/pensions)",https://wikirate.org/~13030771
Fashion Revolution+Supply Chain Policies,Asos,2022,"Equal Pay, Contracts & Terms of Employment, Manufacturing Restricted Substances List (MRSL) (2021 only), Discrimination, Biodiversity & Conservation, Waste & Recycling (Product/Textiles), Living Conditions/Dormitories, Sub-contracting (2021 only), Water Usage & Footprint, Annual Leave & Public Holidays, Homeworking (2021 only), Working Hours & Rest Breaks, Child Labour, Community Engagement, Waste & Recycling (Packaging/Office/Facility), Water Effluents & Treatment, Health & Safety, Maternity Rights & Parental Leave, Anti-bribery Corruption & Presentation of False Information, Energy & Carbon Emissions, Overtime Pay, Forced & Bonded Labour, Foreign & Migrant Labour, Freedom of Association Right to Organise & Collective Bargaining, Harassment & Violence, Wages & Financial Benefits (e.g. bonuses/insurance/social security/pensions)",https://wikirate.org/~13014355
Fashion Revolution+1.3 Management Procedures,Gap inc.,2022,"Equal Pay, Contracts & Terms of Employment, Manufacturing Restricted Substances List (MRSL) (2021 only), Discrimination, Biodiversity & Conservation, Waste & Recycling (Packaging/Office/Facility/Retail), Animal Welfare, Waste & Recycling (Product/Textiles), Living Conditions/Dormitories, Sub-contracting (2021 only), Water Usage & Footprint, Annual Leave & Public Holidays, Working Hours & Rest Breaks, Child Labour, Community Engagement, Water Effluents & Treatment, Mental Health & Wellbeing (2021 only), Restricted Substance List, Health & Safety, Anti-bribery Corruption & Presentation of False Information, Energy & Carbon Emissions, Diversity & Inclusion, Overtime Pay, Forced & Bonded Labour, Foreign & Migrant Labour, Freedom of Association Right to Organise & Collective Bargaining, Harassment & Violence, Wages & Financial Benefits (e.g. bonuses/insurance/social security/pensions)",https://wikirate.org/~13018543
Fashion Revolution+1.3 Management Procedures,H&M,2022,"Equal Pay, Manufacturing Restricted Substances List (MRSL) (2021 only), Discrimination, Biodiversity & Conservation, Waste & Recycling (Packaging/Office/Facility/Retail), Animal Welfare, Waste & Recycling (Product/Textiles), Sub-contracting (2021 only), Water Usage & Footprint, Working Hours & Rest Breaks, Child Labour, Community Engagement, Water Effluents & Treatment, Restricted Substance List, Health & Safety, Anti-bribery Corruption & Presentation of False Information, Energy & Carbon Emissions, Diversity & Inclusion, Overtime Pay, Forced & Bonded Labour, Foreign & Migrant Labour, Freedom of Association Right to Organise & Collective Bargaining, Harassment & Violence",https://wikirate.org/~13019404
Fashion Revolution+1.3 Management Procedures,Nike Inc.,2022,"Equal Pay, Contracts & Terms of Employment, Manufacturing Restricted Substances List (MRSL) (2021 only), Discrimination, Biodiversity & Conservation, Waste & Recycling (Packaging/Office/Facility/Retail), Animal Welfare, Waste & Recycling (Product/Textiles), Living Conditions/Dormitories, Sub-contracting (2021 only), Water Usage & Footprint, Annual Leave & Public Holidays, Working Hours & Rest Breaks, Child Labour, Community Engagement, Water Effluents & Treatment, Mental Health & Wellbeing (2021 only), Restricted Substance List, Health & Safety, Maternity Rights & Parental Leave, Anti-bribery Corruption & Presentation of False Information, Energy & Carbon Emissions, Diversity & Inclusion, Overtime Pay, Forced & Bonded Labour, Foreign & Migrant Labour, Freedom of Association Right to Organise & Collective Bargaining, Harassment & Violence, Wages & Financial Benefits (e.g. bonuses/insurance/social security/pensions)",https://wikirate.org/~13040029
Fashion Revolution+1.3 Management Procedures,Adidas AG,2022,"Equal Pay, Contracts & Terms of Employment, Manufacturing Restricted Substances List (MRSL) (2021 only), Discrimination, Biodiversity & Conservation, Waste & Recycling (Packaging/Office/Facility/Retail), Animal Welfare, Living Conditions/Dormitories, Sub-contracting (2021 only), Water Usage & Footprint, Annual Leave & Public Holidays, Working Hours & Rest Breaks, Child Labour, Community Engagement, Water Effluents & Treatment, Mental Health & Wellbeing (2021 only), Restricted Substance List, Health & Safety, Maternity Rights & Parental Leave, Anti-bribery Corruption & Presentation of False Information, Energy & Carbon Emissions, Diversity & Inclusion, Overtime Pay, Forced & Bonded Labour, Foreign & Migrant Labour, Freedom of Association Right to Organise & Collective Bargaining, Harassment & Violence, Wages & Financial Benefits (e.g. bonuses/insurance/social security/pensions)",https://wikirate.org/~13036278
Fashion Revolution+1.3 Management Procedures,Louis Vuitton Malletier SA (LVMH),2022,"Equal Pay, Manufacturing Restricted Substances List (MRSL) (2021 only), Discrimination, Biodiversity & Conservation, Waste & Recycling (Packaging/Office/Facility/Retail), Animal Welfare, Waste & Recycling (Product/Textiles), Sub-contracting (2021 only), Community Engagement, Water Effluents & Treatment, Restricted Substance List, Mental Health & Wellbeing (2021 only), Health & Safety, Maternity Rights & Parental Leave, Anti-bribery Corruption & Presentation of False Information, Energy & Carbon Emissions, Diversity & Inclusion, Freedom of Association Right to Organise & Collective Bargaining, Harassment & Violence, Wages & Financial Benefits (e.g. bonuses/insurance/social security/pensions)",https://wikirate.org/~13021139
Fashion Revolution+1.3 Management Procedures,Prada,2022,"Working Hours & Rest Breaks, Energy & Carbon Emissions, Sub-contracting (2021 only), Biodiversity & Conservation, Health & Safety, Diversity & Inclusion, Waste & Recycling (Packaging/Office/Facility/Retail), Waste & Recycling (Product/Textiles), Community Engagement, Freedom of Association Right to Organise & Collective Bargaining, Restricted Substance List",https://wikirate.org/~13030761
Fashion Revolution+1.3 Management Procedures,Asos,2022,"Manufacturing Restricted Substances List (MRSL) (2021 only), Discrimination, Biodiversity & Conservation, Waste & Recycling (Product/Textiles), Animal Welfare, Living Conditions/Dormitories, Water Usage & Footprint, Homeworking (2021 only), Working Hours & Rest Breaks, Child Labour, Community Engagement, Water Effluents & Treatment, Mental Health & Wellbeing (2021 only), Restricted Substance List, Health & Safety, Maternity Rights & Parental Leave, Anti-bribery Corruption & Presentation of False Information, Energy & Carbon Emissions, Diversity & Inclusion, Forced & Bonded Labour, Foreign & Migrant Labour, Freedom of Association Right to Organise & Collective Bargaining, Harassment & Violence, Wages & Financial Benefits (e.g. bonuses/insurance/social security/pensions)",https://wikirate.org/~13014309
Fashion Revolution+1.1 Own Operations Policies,Gap inc.,2022,"Equal Pay, Discrimination, Biodiversity & Conservation, Waste & Recycling (Product/Textiles), Animal Welfare, Water Usage & Footprint, Annual Leave & Public Holidays, Working Hours & Rest Breaks, Waste & Recycling (Packaging/Office/Retail), Community Engagement, Restricted Substance List, Mental Health & Wellbeing (2021 only), Health & Safety, Maternity Rights & Parental Leave, Anti-bribery Corruption & Presentation of False Information, Energy & Carbon Emissions, Diversity & Inclusion, Harassment & Violence, Wages & Financial Benefits (e.g. bonuses/insurance/social security/pensions)",https://wikirate.org/~13027491
Fashion Revolution+1.1 Own Operations Policies,H&M,2022,"Equal Pay, Discrimination, Biodiversity & Conservation, Waste & Recycling (Product/Textiles), Animal Welfare, Water Usage & Footprint, Annual Leave & Public Holidays, Waste & Recycling (Packaging/Office/Retail), Community Engagement, Restricted Substance List, Mental Health & Wellbeing (2021 only), Health & Safety, Maternity Rights & Parental Leave, Anti-bribery Corruption & Presentation of False Information, Energy & Carbon Emissions, Diversity & Inclusion, Freedom of Association Right to Organise & Collective Bargaining, Harassment & Violence, Wages & Financial Benefits (e.g. bonuses/insurance/social security/pensions)",https://wikirate.org/~13019238
Fashion Revolution+1.1 Own Operations Policies,Nike Inc.,2022,"Equal Pay, Energy & Carbon Emissions, Discrimination, Biodiversity & Conservation, Health & Safety, Diversity & Inclusion, Maternity Rights & Parental Leave, Waste & Recycling (Packaging/Office/Retail), Waste & Recycling (Product/Textiles), Animal Welfare, Community Engagement, Anti-bribery Corruption & Presentation of False Information, Water Usage & Footprint, Restricted Substance List, Harassment & Violence, Wages & Financial Benefits (e.g. bonuses/insurance/social security/pensions), Mental Health & Wellbeing (2021 only)",https://wikirate.org/~13020020
Fashion Revolution+1.1 Own Operations Policies,Adidas AG,2022,"Working Hours & Rest Breaks, Energy & Carbon Emissions, Discrimination, Biodiversity & Conservation, Health & Safety, Diversity & Inclusion, Maternity Rights & Parental Leave, Waste & Recycling (Packaging/Office/Retail), Animal Welfare, Community Engagement, Anti-bribery Corruption & Presentation of False Information, Freedom of Association Right to Organise & Collective Bargaining, Restricted Substance List, Harassment & Violence, Wages & Financial Benefits (e.g. bonuses/insurance/social security/pensions), Mental Health & Wellbeing (2021 only)",https://wikirate.org/~13036119
Fashion Revolution+1.1 Own Operations Policies,Louis Vuitton Malletier SA (LVMH),2022,"Equal Pay, Discrimination, Biodiversity & Conservation, Waste & Recycling (Product/Textiles), Animal Welfare, Water Usage & Footprint, Working Hours & Rest Breaks, Waste & Recycling (Packaging/Office/Retail), Community Engagement, Restricted Substance List, Mental Health & Wellbeing (2021 only), Health & Safety, Anti-bribery Corruption & Presentation of False Information, Energy & Carbon Emissions, Diversity & Inclusion, Freedom of Association Right to Organise & Collective Bargaining, Harassment & Violence, Wages & Financial Benefits (e.g. bonuses/insurance/social security/pensions)",https://wikirate.org/~13021139
Fashion Revolution+1.1 Own Operations Policies,Prada,2022,"Working Hours & Rest Breaks, Energy & Carbon Emissions, Discrimination, Biodiversity & Conservation, Health & Safety, Diversity & Inclusion, Waste & Recycling (Packaging/Office/Retail), Waste & Recycling (Product/Textiles), Community Engagement, Anti-bribery Corruption & Presentation of False Information, Freedom of Association Right to Organise & Collective Bargaining, Harassment & Violence, Wages & Financial Benefits (e.g. bonuses/insurance/social security/pensions)",https://wikirate.org/~13030761
Fashion Revolution+1.1 Own Operations Policies,Asos,2022,"Equal Pay, Discrimination, Biodiversity & Conservation, Waste & Recycling (Product/Textiles), Animal Welfare, Water Usage & Footprint, Annual Leave & Public Holidays, Waste & Recycling (Packaging/Office/Retail), Community Engagement, Restricted Substance List, Health & Safety, Maternity Rights & Parental Leave, Anti-bribery Corruption & Presentation of False Information, Energy & Carbon Emissions, Diversity & Inclusion, Freedom of Association Right to Organise & Collective Bargaining, Harassment & Violence, Wages & Financial Benefits (e.g. bonuses/insurance/social security/pensions)",https://wikirate.org/~13014355
Wikirate SDG Metric design+Percentage of waste recycled,Inditex,2022,90.30671355759030,
Wikirate SDG Metric design+Percentage of waste recycled,Gap inc.,2022,Unknown,
Wikirate SDG Metric design+Percentage of waste recycled,H&M,2022,Unknown,
Wikirate SDG Metric design+Percentage of waste recycled,Louis Vuitton Malletier SA (LVMH),2022,Unknown,
Wikirate SDG Metric design+Percentage of waste recycled,Prada,2022,Unknown,
Wikirate SDG Metric design+Percentage of waste recycled,Asos,2022,Unknown,
Wikirate SDG Metric design+Percentage hazardous waste recycled,Inditex,2022,68.86281335092500,
Wikirate SDG Metric design+Percentage hazardous waste recycled,Gap inc.,2022,Unknown,
Wikirate SDG Metric design+Percentage hazardous waste recycled,H&M,2022,Unknown,
Wikirate SDG Metric design+Percentage hazardous waste recycled,Louis Vuitton Malletier SA (LVMH),2022,Unknown,
Wikirate SDG Metric design+Percentage hazardous waste recycled,Prada,2022,Unknown,
Wikirate SDG Metric design+Percentage hazardous waste recycled,Asos,2022,Unknown,
Wikirate SDG Metric design+Percentage non-hazardous waste recycled,Inditex,2022,90.33922719526940,
Wikirate SDG Metric design+Percentage non-hazardous waste recycled,Gap inc.,2022,Unknown,
Wikirate SDG Metric design+Percentage non-hazardous waste recycled,H&M,2022,Unknown,
Wikirate SDG Metric design+Percentage non-hazardous waste recycled,Louis Vuitton Malletier SA (LVMH),2022,Unknown,
Wikirate SDG Metric design+Percentage non-hazardous waste recycled,Prada,2022,Unknown,
Wikirate SDG Metric design+Percentage non-hazardous waste recycled,Asos,2022,Unknown,
Fashion Revolution+Discloses Quantity of Products Destroyed,Gap inc.,2022,No,https://wikirate.org/~13041191
Fashion Revolution+Discloses Quantity of Products Destroyed,H&M,2022,Yes,https://wikirate.org/~13019394
Fashion Revolution+Discloses Quantity of Products Destroyed,Nike Inc.,2022,Yes,https://wikirate.org/~13020988
Fashion Revolution+Discloses Quantity of Products Destroyed,Adidas AG,2022,No,https://wikirate.org/~13036244
Fashion Revolution+Discloses Quantity of Products Destroyed,Louis Vuitton Malletier SA (LVMH),2022,No,https://wikirate.org/~13040331
Fashion Revolution+Discloses Quantity of Products Destroyed,Prada,2022,No,https://wikirate.org/~13041474
Fashion Revolution+Discloses Quantity of Products Destroyed,Asos,2022,No,https://wikirate.org/~13040975
Fashion Revolution+Discloses Quantity of Pre-Production Waste Generated,Gap inc.,2022,No,https://wikirate.org/~13041191
Fashion Revolution+Discloses Quantity of Pre-Production Waste Generated,H&M,2022,No,https://wikirate.org/~13040451
Fashion Revolution+Discloses Quantity of Pre-Production Waste Generated,Nike Inc.,2022,No,https://wikirate.org/~13020918
Fashion Revolution+Discloses Quantity of Pre-Production Waste Generated,Adidas AG,2022,No,https://wikirate.org/~13021185
Fashion Revolution+Discloses Quantity of Pre-Production Waste Generated,Louis Vuitton Malletier SA (LVMH),2022,No,https://wikirate.org/~13040331
Fashion Revolution+Discloses Quantity of Pre-Production Waste Generated,Prada,2022,No,https://wikirate.org/~13041474
Fashion Revolution+Discloses Quantity of Pre-Production Waste Generated,Asos,2022,No,https://wikirate.org/~13040975
Fashion Revolution+Discloses Quantity of Post-production Waste Generated,Gap inc.,2022,No,https://wikirate.org/~13041191
Fashion Revolution+Discloses Quantity of Post-production Waste Generated,H&M,2022,No,https://wikirate.org/~13040451
Fashion Revolution+Discloses Quantity of Post-production Waste Generated,Nike Inc.,2022,No,https://wikirate.org/~13020918
Fashion Revolution+Discloses Quantity of Post-production Waste Generated,Adidas AG,2022,No,https://wikirate.org/~13036244
Fashion Revolution+Discloses Quantity of Post-production Waste Generated,Louis Vuitton Malletier SA (LVMH),2022,Yes,https://wikirate.org/~13041706
Fashion Revolution+Discloses Quantity of Post-production Waste Generated,Prada,2022,No,https://wikirate.org/~13041474
Fashion Revolution+Discloses Quantity of Post-production Waste Generated,Asos,2022,No,https://wikirate.org/~13040975
Fashion Revolution+Discloses Breakdown of Reuse/Recyling of Pre-consumer Waste,Gap inc.,2022,No,https://wikirate.org/~13041191
Fashion Revolution+Discloses Breakdown of Reuse/Recyling of Pre-consumer Waste,H&M,2022,No,https://wikirate.org/~13040451
Fashion Revolution+Discloses Breakdown of Reuse/Recyling of Pre-consumer Waste,Nike Inc.,2022,No,https://wikirate.org/~13020918
Fashion Revolution+Discloses Breakdown of Reuse/Recyling of Pre-consumer Waste,Adidas AG,2022,No,https://wikirate.org/~13036244
Fashion Revolution+Discloses Breakdown of Reuse/Recyling of Pre-consumer Waste,Louis Vuitton Malletier SA (LVMH),2022,Yes,https://wikirate.org/~13021139
Fashion Revolution+Discloses Breakdown of Reuse/Recyling of Pre-consumer Waste,Prada,2022,No,https://wikirate.org/~13041474
Fashion Revolution+Discloses Breakdown of Reuse/Recyling of Pre-consumer Waste,Asos,2022,No,https://wikirate.org/~13040975
Fashion Revolution+Discloses Take-back Scheme Outcomes,Gap inc.,2022,No,https://wikirate.org/~13018555
Fashion Revolution+Discloses Take-back Scheme Outcomes,H&M,2022,Yes,https://wikirate.org/~13019394
Fashion Revolution+Discloses Take-back Scheme Outcomes,Nike Inc.,2022,Yes,https://wikirate.org/~13020918
Fashion Revolution+Discloses Take-back Scheme Outcomes,Adidas AG,2022,Yes,https://wikirate.org/~13036096
Fashion Revolution+Discloses Take-back Scheme Outcomes,Louis Vuitton Malletier SA (LVMH),2022,No,https://wikirate.org/~13040331
Fashion Revolution+Discloses Take-back Scheme Outcomes,Prada,2022,No,https://wikirate.org/~13041474
Fashion Revolution+Discloses Take-back Scheme Outcomes,Asos,2022,Yes,https://wikirate.org/~13036512
Fashion Revolution+Offers Clothing Longevity Business Models,Gap inc.,2022,Yes,https://wikirate.org/~13037891
Fashion Revolution+Offers Clothing Longevity Business Models,H&M,2022,Yes,https://wikirate.org/~13019394
Fashion Revolution+Offers Clothing Longevity Business Models,Nike Inc.,2022,Yes,https://wikirate.org/~13020918
Fashion Revolution+Offers Clothing Longevity Business Models,Adidas AG,2022,Yes,https://wikirate.org/~13021180
Fashion Revolution+Offers Clothing Longevity Business Models,Louis Vuitton Malletier SA (LVMH),2022,No,https://wikirate.org/~13034744
Fashion Revolution+Offers Clothing Longevity Business Models,Prada,2022,No,https://wikirate.org/~13041474
Fashion Revolution+Offers Clothing Longevity Business Models,Asos,2022,Yes,https://wikirate.org/~13035241
"Fashion Revolution+5.4 Overconsumption, Waste & Circularity",Gap inc.,2022,2.727272727272730,
"Fashion Revolution+5.4 Overconsumption, Waste & Circularity",H&M,2022,5.454545454545450,
"Fashion Revolution+5.4 Overconsumption, Waste & Circularity",Nike Inc.,2022,5.454545454545450,
"Fashion Revolution+5.4 Overconsumption, Waste & Circularity",Adidas AG,2022,4.545454545454540,
"Fashion Revolution+5.4 Overconsumption, Waste & Circularity",Louis Vuitton Malletier SA (LVMH),2022,2.727272727272730,
"Fashion Revolution+5.4 Overconsumption, Waste & Circularity",Prada,2022,0.909090909090909,
"Fashion Revolution+5.4 Overconsumption, Waste & Circularity",Asos,2022,3.636363636363640,
World Benchmarking Alliance+NAT.B12.EA Plastic Use and Waste Reduction Qualitative Evidence,Gap inc.,2022,Yes,https://wikirate.org/~18088734
World Benchmarking Alliance+NAT.B12.EA Plastic Use and Waste Reduction Qualitative Evidence,Nike Inc.,2022,Yes,https://wikirate.org/~18088734
World Benchmarking Alliance+NAT.B12.EA Plastic Use and Waste Reduction Qualitative Evidence,Adidas AG,2022,Yes,https://wikirate.org/~18088734
World Benchmarking Alliance+NAT.B12.EA Plastic Use and Waste Reduction Qualitative Evidence,Prada,2022,Yes,https://wikirate.org/~18088734
World Benchmarking Alliance+NAT.B12.EA Plastic Use and Waste Reduction Qualitative Evidence,Asos,2022,No,https://wikirate.org/~18088734
World Benchmarking Alliance+NAT.B12.EB Plastic Use and Waste Reduction Quantitative Evidence,Gap inc.,2022,Yes,https://wikirate.org/~18088734
World Benchmarking Alliance+NAT.B12.EB Plastic Use and Waste Reduction Quantitative Evidence,Nike Inc.,2022,No,https://wikirate.org/~18088734
World Benchmarking Alliance+NAT.B12.EB Plastic Use and Waste Reduction Quantitative Evidence,Adidas AG,2022,No,https://wikirate.org/~18088734
World Benchmarking Alliance+NAT.B12.EB Plastic Use and Waste Reduction Quantitative Evidence,Prada,2022,No,https://wikirate.org/~18088734
World Benchmarking Alliance+NAT.B12.EB Plastic Use and Waste Reduction Quantitative Evidence,Asos,2022,No,https://wikirate.org/~18088734
World Benchmarking Alliance+NAT.B12.EC Plastic Use and Waste Reduction Targets,Gap inc.,2022,No,https://wikirate.org/~18088734
World Benchmarking Alliance+NAT.B12.EC Plastic Use and Waste Reduction Targets,Nike Inc.,2022,No,https://wikirate.org/~18088734
World Benchmarking Alliance+NAT.B12.EC Plastic Use and Waste Reduction Targets,Adidas AG,2022,No,https://wikirate.org/~18088734
World Benchmarking Alliance+NAT.B12.EC Plastic Use and Waste Reduction Targets,Prada,2022,No,https://wikirate.org/~18088734
World Benchmarking Alliance+NAT.B12.EC Plastic Use and Waste Reduction Targets,Asos,2022,No,https://wikirate.org/~18088734
World Benchmarking Alliance+NAT.B12.ED Plastic Use Reporting,Gap inc.,2022,No,https://wikirate.org/~18088734
World Benchmarking Alliance+NAT.B12.ED Plastic Use Reporting,Nike Inc.,2022,Yes,https://wikirate.org/~18088734
World Benchmarking Alliance+NAT.B12.ED Plastic Use Reporting,Adidas AG,2022,Yes,https://wikirate.org/~18088734
World Benchmarking Alliance+NAT.B12.ED Plastic Use Reporting,Prada,2022,No,https://wikirate.org/~18088734
World Benchmarking Alliance+NAT.B12.ED Plastic Use Reporting,Asos,2022,No,https://wikirate.org/~18088734
World Benchmarking Alliance+NAT.B12.EE Plastic Waste Reporting,Gap inc.,2022,No,https://wikirate.org/~18088734
World Benchmarking Alliance+NAT.B12.EE Plastic Waste Reporting,Nike Inc.,2022,No,https://wikirate.org/~18088734
World Benchmarking Alliance+NAT.B12.EE Plastic Waste Reporting,Adidas AG,2022,No,https://wikirate.org/~18088734
World Benchmarking Alliance+NAT.B12.EE Plastic Waste Reporting,Prada,2022,No,https://wikirate.org/~18088734
World Benchmarking Alliance+NAT.B12.EE Plastic Waste Reporting,Asos,2022,No,https://wikirate.org/~18088734
World Benchmarking Alliance+NAT.B12.EF Plastic Use and Waste Reduction Evidence Upstream,Gap inc.,2022,No,https://wikirate.org/~18088734
World Benchmarking Alliance+NAT.B12.EF Plastic Use and Waste Reduction Evidence Upstream,Nike Inc.,2022,No,https://wikirate.org/~18088734
World Benchmarking Alliance+NAT.B12.EF Plastic Use and Waste Reduction Evidence Upstream,Adidas AG,2022,Yes,https://wikirate.org/~18088734
World Benchmarking Alliance+NAT.B12.EF Plastic Use and Waste Reduction Evidence Upstream,Prada,2022,No,https://wikirate.org/~18088734
World Benchmarking Alliance+NAT.B12.EF Plastic Use and Waste Reduction Evidence Upstream,Asos,2022,No,https://wikirate.org/~18088734
World Benchmarking Alliance+NAT.B12.EG Plastic Use and Waste Reduction Evidence Downstream,Gap inc.,2022,Yes,https://wikirate.org/~18088734
World Benchmarking Alliance+NAT.B12.EG Plastic Use and Waste Reduction Evidence Downstream,Nike Inc.,2022,Yes,https://wikirate.org/~18088734
World Benchmarking Alliance+NAT.B12.EG Plastic Use and Waste Reduction Evidence Downstream,Adidas AG,2022,No,https://wikirate.org/~18088734
World Benchmarking Alliance+NAT.B12.EG Plastic Use and Waste Reduction Evidence Downstream,Prada,2022,No,https://wikirate.org/~18088734
World Benchmarking Alliance+NAT.B12.EG Plastic Use and Waste Reduction Evidence Downstream,Asos,2022,No,https://wikirate.org/~18088734